timestamp,x_robot_mm,y_robot_mm,z_robot_mm,angle_deg,pixel_size,area
1772100874.2755957,754.64,-71.97,489.21,8.37,128.7,5525
1772100877.8110874,752.65,-69.88,489.63,2.49,128.9,5815
1772100879.9295352,752.64,-69.91,488.27,12.53,128.3,5926
1772100882.1493232,759.72,-72.07,476.67,0.78,123.7,5178
1772100884.2898667,754.6,-70.79,482.15,10.3,125.8,5440
1772100886.466571,756.52,-67.09,467.54,75.82,120.3,4446
1772100888.6236844,757.56,-67.86,466.19,78.69,119.8,5088
1772100890.7538424,756.79,-68.91,469.31,78.18,121.0,4689
1772100894.6701722,747.17,-63.82,490.0,71.38,129.0,4930
1772100896.8407092,748.8,-64.51,489.27,77.76,128.7,5459
1772100900.4824567,749.47,-66.16,488.33,81.19,128.3,5813
1772100902.9796772,742.39,-61.66,503.06,78.18,134.7,5453
1772100905.1037788,754.22,-66.54,477.2,76.61,123.9,4919
1772100907.2103355,752.95,-65.12,475.01,68.68,123.1,4553
1772100909.3351772,777.15,-77.66,421.37,68.32,105.6,3479
1772100911.4466705,759.55,-71.32,454.11,70.27,115.6,3799
1772100914.210287,780.49,-83.15,415.13,85.68,103.9,2993
1772100916.6431072,758.7,-23.38,460.24,71.19,117.7,4096
1772100950.5443993,645.76,-51.75,499.52,84.47,133.1,16612
1772100952.657437,645.09,-47.17,499.93,84.56,133.3,16168
1772100954.7806697,640.18,-43.63,500.25,83.48,133.4,16225
1772100956.8806944,636.16,-41.87,500.39,84.47,133.5,16239
1772100959.0092807,634.1,-41.34,500.46,84.81,133.5,16177
1772100961.1521444,633.47,-41.47,500.15,83.66,133.4,16097
1772100963.2525234,633.47,-41.66,500.23,84.29,133.4,16187
1772100965.3647416,633.71,-41.86,499.89,84.4,133.3,16342
1772100967.4786775,633.78,-41.84,500.67,84.81,133.6,16265
1772100969.5768816,633.86,-41.9,500.46,84.56,133.5,16293
1772100971.7235203,633.93,-41.9,500.34,83.88,133.5,16310
1772100973.8304372,633.84,-41.74,501.07,84.81,133.8,16190
1772100976.0786955,633.92,-41.83,499.85,84.81,133.3,16167
1772100978.1913035,633.94,-41.89,500.06,84.81,133.4,16308
1772100980.30815,633.98,-41.94,499.86,83.88,133.3,16164
1772100982.4555705,633.92,-41.87,500.17,84.47,133.4,16206
1772100984.598816,633.99,-41.92,499.73,83.99,133.2,16125
1772100986.7115645,633.93,-41.88,500.15,83.66,133.4,16230
1772100988.8139243,634.05,-41.95,499.52,84.47,133.1,15968
1772100990.9451778,633.89,-41.76,500.67,84.81,133.6,16210
1772100993.0957513,634.01,-41.91,499.66,83.66,133.2,16149
1772100995.238244,633.94,-41.85,500.23,84.29,133.4,16334
1772100997.3666992,633.89,-41.8,500.45,84.29,133.5,16332
1772100999.5081954,633.89,-41.82,500.2,84.69,133.4,16162
1772101001.605369,633.91,-41.78,500.45,84.29,133.5,16170
1772101003.7771168,633.96,-41.87,499.9,84.09,133.3,16266
1772101009.2439082,728.4,84.14,533.33,0.0,150.0,9016
1772101011.6414652,712.39,-82.4,535.42,1.91,151.2,16545
1772101015.90749,728.41,2.03,533.71,70.48,150.2,5564
1772101018.1784809,735.78,1.91,539.78,22.33,153.7,6003
1772101020.322633,722.65,5.56,550.92,73.12,160.6,5798
1772101023.3762956,737.39,10.26,512.56,72.0,139.2,4950
1772101025.4722893,733.35,4.32,527.82,69.58,147.0,5102
1772101070.0745535,494.37,-91.78,360.44,0.0,91.0,3422
1772101072.250606,533.97,-66.41,525.8,10.3,145.9,5869
1772101074.6739779,496.47,-80.55,407.98,54.04,102.0,3324
1772101076.768119,523.58,-65.55,508.9,62.78,137.4,4455
1772101082.042023,496.54,15.23,330.06,60.46,85.1,2243
1772101084.14187,493.55,17.13,330.06,60.46,85.1,2530
1772101089.406577,499.91,16.14,347.27,59.32,88.4,2445
1772101093.0076003,498.47,23.98,365.13,60.95,92.0,2585
1772101095.8090148,509.59,-83.23,458.19,62.1,117.0,3311
1772101098.0177367,514.18,-77.29,469.18,66.34,120.9,3829
1772101100.2100196,518.15,-79.52,478.97,73.97,124.6,5246
1772101102.7424443,512.17,-80.17,455.07,8.13,116.0,4941
1772101105.2790139,552.12,-86.54,514.69,87.95,140.2,6501
1772101107.419199,551.8,-106.67,461.01,85.1,118.0,3540
1772101110.0121164,497.48,40.0,352.19,55.22,89.3,2845
1772101113.3446012,510.76,-115.52,432.4,9.73,108.8,2016
1772101120.4752457,522.9,-96.27,476.38,8.13,123.6,2762
1772101123.3379197,522.57,-107.19,472.11,4.76,122.0,3385
1772101127.535046,517.05,10.52,411.71,57.72,103.0,2799
1772101130.1851845,512.83,10.45,387.48,57.72,97.0,2748
1772101137.2483375,535.55,-81.73,520.46,11.77,143.1,3708
1772101141.173906,536.16,-64.67,458.99,8.64,117.3,4373
1772101143.5071366,510.91,-82.63,364.77,83.76,91.9,3507
1772101145.6087775,537.69,-64.58,536.5,15.59,151.8,4915
1772101147.907377,550.49,-65.03,557.07,5.27,164.7,7285
1772101150.1699479,512.72,-99.23,439.26,5.93,110.9,4275
1772101153.3090124,536.7,-67.02,537.69,15.71,152.5,5095
1772101155.4123309,552.95,-58.82,576.49,88.48,179.0,6752
1772101157.7754593,501.95,-79.06,337.76,77.91,86.5,2923
1772101162.6425226,556.12,-90.53,476.35,84.85,123.6,3574
1772101164.8422642,530.72,-54.47,538.9,1.09,153.2,6571
1772101167.4426713,550.58,-52.2,540.17,86.99,153.9,10198
1772101169.9435518,538.89,-57.11,553.28,87.75,162.1,7388
1772101172.622048,560.07,-47.96,577.42,59.78,179.7,10093
1772101174.7745137,543.84,-61.71,525.23,51.57,145.6,6916
1772101177.080923,544.23,-62.3,520.9,56.58,143.3,6639
1772101179.242691,539.95,-62.49,512.97,55.28,139.4,6657
1772101181.9806783,545.99,-59.73,531.09,53.51,148.7,6685
1772101184.080511,545.78,-67.8,507.54,81.47,136.8,6839
1772101186.2105994,544.79,-72.51,495.98,82.41,131.6,6588
1772101188.432362,545.32,-72.38,497.62,84.47,132.3,6956
1772101192.0736904,562.28,-65.72,558.84,79.58,165.9,4569
1772101194.4742906,550.26,-53.32,546.33,55.09,157.7,8279
1772101196.574794,556.11,-53.04,582.86,86.13,184.2,12408
1772101199.4420516,542.32,-81.58,386.02,70.44,96.6,3599
1772101202.0803227,543.35,-49.14,562.11,24.61,168.1,6910
1772101204.4761589,554.1,-77.98,457.7,72.58,116.9,5231
1772101209.5774531,551.86,-64.12,546.07,66.35,157.5,6908
1772101213.374171,544.75,-56.54,544.45,33.37,156.5,5970
1772101239.310754,525.73,-86.22,431.12,1.74,108.4,4423
1772101241.6072009,498.58,-126.13,376.94,3.43,94.5,3222
1772101243.782182,533.66,-67.87,525.08,19.57,145.5,5872
1772101245.891158,498.41,-86.15,392.65,70.46,98.2,3369
1772101251.708942,531.04,-89.79,409.29,75.79,102.4,2724
1772101256.508937,531.72,-90.51,424.3,7.77,106.5,3579
1772101259.1854882,530.11,-118.63,323.03,55.71,83.9,2691
1772101262.0121043,533.94,-90.68,421.52,38.07,105.7,3151
1772101570.9654016,678.68,-54.15,497.52,3.58,132.2,15951
1772101573.0605142,667.96,-46.52,498.69,3.95,132.8,15978
1772101575.2642736,646.11,-30.2,503.59,4.47,134.9,15970
1772101577.4510632,632.3,-37.7,520.54,4.34,143.1,16429
1772101580.5999532,691.75,67.06,529.73,0.0,148.0,7004
1772101587.9550738,680.79,49.7,514.99,83.48,140.3,3135
1772101590.4983926,733.63,-2.99,418.3,24.19,104.8,2030
1772101597.6333292,633.09,-54.35,508.66,3.58,137.3,15643
1772101599.7787223,637.58,-62.25,482.58,3.37,126.0,14557
1772101601.9991968,641.04,-71.77,471.68,4.09,121.8,13558
1772101604.0910718,637.56,-51.97,491.11,3.58,129.5,14228
1772101606.2967224,636.81,-45.31,491.78,3.37,129.8,14243
1772101608.393111,637.02,-46.33,489.48,4.09,128.8,14300
1772101610.697346,636.67,-48.09,492.5,3.09,130.1,14168
1772101612.792786,636.79,-48.67,492.08,3.27,129.9,14229
1772101614.931438,636.83,-48.87,491.92,3.37,129.8,14303
1772101617.0544224,637.24,-49.33,488.98,4.24,128.6,14286
1772101619.1670506,637.01,-48.99,490.75,3.69,129.3,14189
1772101621.2795472,636.98,-48.88,491.11,3.58,129.5,14207
1772101623.4021254,637.13,-48.98,489.51,3.69,128.8,14153
1772101625.5123956,637.09,-48.95,490.19,3.81,129.1,14096
1772101627.665774,637.07,-48.98,490.35,3.81,129.2,14256
1772101629.784605,636.8,-48.66,492.17,3.24,129.9,14367
1772110725.5797029,612.01,-65.75,500.84,19.98,133.7,16842
1772110757.2135394,618.31,-55.05,502.32,19.54,134.4,17072
1772350852.0983205,796.45,-4.61,475.18,2.45,123.1,14341
1772350868.4138334,723.47,18.07,475.56,2.73,123.3,14329
1772350878.4010735,723.65,18.11,475.06,2.49,123.1,14295
1772350881.398849,723.52,18.11,475.31,2.86,123.2,14314
1772350893.2246406,723.44,18.16,475.53,2.53,123.3,14318
1772350902.5205932,723.39,18.08,475.67,2.66,123.3,14337
1772350916.0678022,723.65,18.17,474.95,2.54,123.1,14293
1772350918.200304,723.07,18.2,476.38,2.39,123.6,14308
1772360974.1052468,809.87,-79.83,394.51,78.69,98.6,8405
1772360982.5987387,809.72,-79.56,394.65,79.0,98.7,8458
1772361007.8723156,808.78,-79.12,396.47,80.98,99.1,8351
1772361021.1657536,809.71,-79.82,394.53,78.96,98.7,8556
1772361032.251022,809.75,-79.81,394.54,79.0,98.7,8583
1772363122.8699934,891.44,-181.83,342.86,10.44,87.5,4855
1772363129.3860457,897.83,-179.68,330.89,4.48,85.3,4463
1772363134.3991349,883.44,-181.73,344.98,7.43,87.9,4490
